,0,features
0,2.6542673057253453e-05,2nd
1,0.00015115364166451659,able
2,4.654990789192553e-05,absolute
3,0.00024240532250344442,absolutely
4,8.25873619971655e-05,abuse
5,7.702502714157134e-05,account
6,7.376293561509354e-05,act
7,0.00012419538239759974,action
8,0.00012695414479483672,actual
9,0.0006792358064923834,actually
10,0.00015698500782381858,ad
11,4.665108362849304e-05,add
12,0.0001458033600270268,adult
13,0.00040813195515394704,advice
14,0.0001606440438753956,af
15,0.0029693941146836877,afraid
16,6.10557918379879e-05,age
17,0.00013114259111236609,ago
18,0.004829341470634081,agree
19,0.00011740655057403352,ah
20,6.065481926504104e-05,alive
21,6.734687814723792e-05,allowed
22,8.342318262312133e-05,almost
23,9.53146534151859e-05,alone
24,4.170601547117339e-05,along
25,0.00022357075687924217,already
26,9.698330740079175e-05,alright
27,0.0006645709376998883,also
28,5.989018636083349e-05,although
29,0.00040194791382742453,always
30,0.008880864952416887,amazing
31,0.00013573166575892313,america
32,4.3056556210642196e-05,american
33,0.00011568440636571798,amount
34,0.00097769049662801,angry
35,0.00016443985600981295,animal
36,0.0010089511156385466,annoying
37,0.00015357397529563614,another
38,0.00011660570873334118,answer
39,9.761390004159442e-05,anxiety
40,0.0002578947378419889,anymore
41,0.00030280414049322664,anyone
42,0.0005567870470927924,anything
43,0.0001298593302494156,anyway
44,5.2322198252311863e-05,apparently
45,0.00041800312987169875,appreciate
46,9.05476640223852e-05,area
47,0.00012154871615832409,arent
48,0.0001484808176798531,argument
49,7.162379948544374e-06,arm
50,0.00026148912290081887,around
51,7.322949888979356e-05,art
52,5.231426904086274e-05,article
53,0.00021811369407268897,as
54,9.680825852140487e-05,ask
55,0.00011506161179990212,asked
56,9.74436191543679e-05,asking
57,1.2176823715920073e-05,assume
58,0.0001403764066662931,attack
59,6.780345897848825e-05,attempt
60,0.00010757818280487073,attention
61,3.24744364400612e-05,attractive
62,2.9705849685575942e-05,average
63,3.5626457539130295e-05,avoid
64,7.589890811659354e-05,aware
65,0.0001851443094780582,away
66,0.010671624879690362,awesome
67,0.004312632837548534,awful
68,5.308482407595026e-05,awkward
69,0.00010682449657057289,baby
70,0.0005869498638976757,back
71,0.013681268144582618,bad
72,9.509653618383775e-05,ball
73,2.065841748981289e-05,banned
74,6.281816835000868e-05,bar
75,5.29800321398325e-05,barely
76,6.707539748518705e-05,based
77,7.154298017132399e-05,basically
78,3.127156348088721e-05,bear
79,0.00016174629038656697,beat
80,0.004160116275765009,beautiful
81,9.10371265270013e-05,become
82,3.3367863980096966e-05,bed
83,2.0127062995642982e-05,beer
84,6.455843509802243e-05,behavior
85,7.500739051147618e-05,behind
86,0.00032379858703846074,believe
87,0.0029541720602604443,best
88,0.00017962274894053578,bet
89,0.0011599853707109167,better
90,0.00038103319875401566,big
91,3.598135472255355e-05,bigger
92,2.9863595701183587e-05,biggest
93,0.00016005141737855002,birthday
94,0.00023312456466728594,bit
95,0.0002423060606525311,bitch
96,4.5984774221026325e-05,black
97,0.0002597772608907936,blame
98,0.00016139296349224316,bless
99,2.807924045609668e-05,block
100,9.073413544928073e-05,blood
101,2.663177457479938e-05,blue
102,7.82210010912879e-05,body
103,0.0001976926514145039,book
104,0.00036860875944363377,boring
105,0.00016610360539549038,bot
106,5.418882549728914e-05,bottom
107,4.799818900591556e-05,bought
108,0.0002742061075340387,boy
109,2.59314166694603e-05,boyfriend
110,9.747416301908861e-05,brain
111,0.00014156846162689238,break
112,0.00011963334826735186,bring
113,0.00010504829054199391,bro
114,4.9809959988013227e-05,broken
115,0.00014399409105456267,brother
116,9.3398499511448e-05,btw
117,0.00010451859638457607,bud
118,5.500012353062453e-05,buddy
119,0.0009559433881352712,bullshit
120,6.44931680630696e-05,bunch
121,1.6767594346867712e-05,burn
122,4.7905407759995036e-05,business
123,0.00010290017578397273,buy
124,0.002738803485729208,ca
125,0.0011253808347249238,cake
126,0.00021074466238451566,call
127,0.00019676532493204127,called
128,0.0001566704579847273,calling
129,2.7939182239688555e-05,calm
130,0.0002804470605612986,came
131,6.387127733918109e-05,canada
132,0.0004813736548343914,cant
133,9.762637453637414e-05,car
134,4.247250225151928e-06,card
135,0.00047165802049296406,care
136,8.380304179284677e-05,case
137,0.00010168043063849389,cat
138,8.53805619132856e-05,catch
139,0.00020179708751658882,cause
140,0.00016581306180888858,chance
141,0.00011130505812949605,change
142,4.666316413764821e-05,changed
143,0.0001938537080502596,character
144,0.00010984241851639538,check
145,0.00013585132221462565,cheer
146,1.3283640385820359e-05,chicken
147,0.00014803339048554835,child
148,0.00010459576204982997,choice
149,0.00010305706717438736,city
150,7.202795534288753e-05,claim
151,8.927027449141668e-06,class
152,6.96577617560548e-05,clean
153,0.00010833468988785955,clear
154,0.00010357191096670928,clearly
155,0.00015692372369266027,close
156,6.626387760202562e-05,coach
157,5.2579865345259823e-05,cold
158,2.251607133198165e-05,college
159,0.0004418501842573782,come
160,0.000170767395400594,coming
161,0.0004899157764170605,comment
162,2.604418660424771e-05,common
163,0.00015919313917928398,community
164,0.0001420639369906548,company
165,7.669942816540479e-06,complete
166,0.0001851654294980237,completely
167,4.7822251199605466e-05,concerned
168,0.004570732660873846,confused
169,9.838341286454742e-05,congrats
170,5.813265883067397e-05,congratulation
171,1.494133764768317e-05,consider
172,9.773369732880166e-05,considering
173,2.939741728815881e-05,contact
174,3.7927622475889564e-05,continue
175,3.857886883558241e-05,contract
176,7.4309819081748e-05,control
177,0.0001087045876042325,conversation
178,0.00023959652435974086,cool
179,1.8849527944964098e-05,cop
180,0.00014637122630810508,correct
181,6.037943768129225e-05,cost
182,0.0007501988743404557,could
183,0.00010340766639527802,couldnt
184,4.154467890609513e-05,count
185,0.00017539045142985897,country
186,0.000182801612602107,couple
187,9.488861166426514e-05,course
188,0.00012982228075140203,crap
189,0.00012796141844700654,crazy
190,0.0003730788342682027,creepy
191,4.585187852783601e-05,crime
192,0.0001229102155261643,cringe
193,0.00020339736889041137,cry
194,0.005192478096316665,curious
195,5.6231751220325506e-05,currently
196,0.00014290892845983803,cut
197,0.0011344733763199095,cute
198,3.7583712504696474e-05,dad
199,0.0030972662025105964,damn
200,0.0003969392434566389,dare
201,5.402925960924045e-05,dark
202,3.5673597313913346e-05,date
203,4.243081859718679e-05,daughter
204,0.001410227544948264,day
205,0.00018569506513648788,dead
206,0.00015482891982896913,deal
207,9.963065616448289e-05,death
208,4.780904699825251e-05,decent
209,6.061890947505104e-05,decision
210,9.000002165753506e-05,deep
211,7.518097148805627e-05,defense
212,0.0002805996260482917,definitely
213,9.803791838096172e-05,deserve
214,0.00028202345805168204,didnt
215,0.00011355907243389062,die
216,0.00012405439290265146,died
217,3.953177115234185e-05,difference
218,0.00010596474559347195,different
219,7.595265280910913e-05,difficult
220,0.00021291530994900647,disagree
221,0.0002470868552572879,disappointed
222,0.010812233511561997,disgusting
223,8.61890822748843e-05,doctor
224,0.00029302024798272453,doesnt
225,0.00016693964487384422,dog
226,0.00019048442791798153,done
227,0.007088998436992066,dont
228,4.291092696199845e-05,door
229,6.584949275023673e-05,double
230,0.00015713452419397462,doubt
231,9.558473670029109e-05,downvoted
232,5.1299639362216346e-05,draft
233,0.00014247443200797878,dream
234,4.3622473276768026e-05,drink
235,9.246891850742814e-05,drive
236,2.8571659496563505e-05,driving
237,1.9929499771103003e-05,drop
238,5.10040927968251e-05,drug
239,1.3384422869727837e-05,drunk
240,0.000400090421082508,dude
241,5.66091859326773e-05,due
242,0.0006304243026658888,dumb
243,5.9337255854245476e-05,early
244,3.815171386003656e-05,earth
245,5.525156161882081e-05,easier
246,5.62779589332799e-05,easily
247,0.00016437060144178212,easy
248,0.00012199401535679499,eat
249,3.335679304681199e-05,eating
250,0.0003271025302561359,edit
251,8.407743125218895e-05,effort
252,4.404887423359001e-05,eh
253,0.00027478233095566505,either
254,0.00024532719134163106,else
255,0.00041838191624620554,end
256,6.81124464550746e-05,ended
257,0.00013262767466393162,ending
258,0.005021163996295299,enjoy
259,0.00018025555229906004,enjoyed
260,0.0002528100582795033,enough
261,7.828474436676993e-05,entire
262,0.00018775724458450606,episode
263,0.00011212284736977395,especially
264,5.231187748104778e-05,etc
265,0.0025703898766220885,even
266,0.00046720492571121415,ever
267,0.00036957172176140126,every
268,0.0001262247567338731,everybody
269,0.0004808358511285704,everyone
270,0.0005492358739043033,everything
271,3.77695385686597e-05,evidence
272,8.823223306134533e-06,evil
273,7.4678496806872e-05,ex
274,7.18098666984403e-05,exact
275,0.0003295795702993965,exactly
276,8.513660766186881e-05,example
277,0.00014655349071332466,except
278,0.0038907901166253173,excited
279,0.0001543963372398238,excuse
280,7.729275521699343e-05,exist
281,9.334518729376895e-05,expect
282,8.9925074498099e-05,expected
283,0.00010209769047221287,expecting
284,0.00017465616730330262,experience
285,0.00013934882346818627,explain
286,8.808251372659235e-05,extra
287,2.479845682326457e-05,extremely
288,0.00010095542630502742,eye
289,0.0002355031508076055,face
290,0.0002871445900568807,fact
291,5.0999491666221914e-05,fair
292,6.35552619159932e-05,faith
293,0.0002455729446645414,fake
294,9.790180900499733e-05,fall
295,0.0002340130454058484,family
296,0.00035917786569758997,fan
297,0.0002614157550428656,fantastic
298,0.00026172205682068464,far
299,2.9152203339852864e-05,fast
300,6.23593303519863e-05,fat
301,5.355921621162551e-05,father
302,0.00015257707495015317,fault
303,0.00034005463457744155,favorite
304,1.476094557383753e-05,favourite
305,0.00022510863925572338,fear
306,0.001314796066571507,feel
307,0.0003767410782748152,feeling
308,0.00012069090253982911,fellow
309,0.00013708919012323255,felt
310,0.00013472821904933724,fight
311,6.502238406502149e-06,fighting
312,5.245884827186383e-05,figure
313,0.00012678582859753125,finally
314,0.0003327927704393884,find
315,0.00015523721799344823,fine
316,4.2082542942919744e-05,finger
317,0.00012634843692039085,fire
318,0.00024410590108728998,first
319,1.0573064268735599e-05,fit
320,2.284289051759274e-05,follow
321,0.00010216449216670104,food
322,4.018901812382073e-05,foot
323,6.371804815159384e-05,football
324,7.158606091933677e-05,force
325,6.320309856070324e-05,forever
326,8.896243571100325e-05,forget
327,0.00012841344687208224,forgot
328,1.7335177833198233e-05,form
329,8.183358115952007e-05,forward
330,0.00021109158939204445,found
331,0.0002028606011474516,free
332,0.000528969884044944,friend
333,7.115002028912466e-05,front
334,0.03219047054042411,fuck
335,0.013192727918970863,fucking
336,0.00011836965998402325,full
337,0.008827302243659145,fun
338,0.010971462592954456,funny
339,0.00011060460679626115,future
340,0.0007524250403120501,game
341,1.3335965582505462e-05,garbage
342,0.00017311714263722238,gave
343,0.00014838507114704218,general
344,6.701202488729288e-05,genuinely
345,0.0014579815909578128,get
346,0.00048721443965658547,getting
347,0.00015074086305134278,girl
348,5.3446953254129444e-05,girlfriend
349,0.00043054053339824775,give
350,8.601001030580734e-05,given
351,0.00021510288569097694,giving
352,0.01405275678538335,glad
353,0.000959575143585119,go
354,0.0001848444252835856,goal
355,0.0002452211322414049,god
356,0.0005495161866211789,going
357,0.0001356866809552507,gold
358,0.00035240728027944636,gon
359,7.686311285624601e-05,gone
360,0.007226633959232332,good
361,3.702973614924105e-05,google
362,0.0010517890066478169,got
363,2.7729259516676705e-05,gotten
364,0.00010203977794433287,government
365,0.020146886286376394,great
366,6.713485043470243e-05,green
367,0.00019242074287681497,gross
368,4.5748575904241535e-05,ground
369,4.9850369698844284e-05,group
370,0.00015161116437237182,grow
371,0.0002391582085297754,guess
372,9.916220260123395e-05,gun
373,0.0007991923924677144,guy
374,9.272895691074625e-05,ha
375,0.016572418076890607,haha
376,0.0007471971204526676,hahaha
377,0.00012331737931068032,hair
378,0.00014444261757827058,half
379,0.00011671250393629107,hand
380,0.00010027789286742758,happen
381,0.0002707813420427474,happened
382,0.00010510008455450544,happening
383,9.55852528436435e-05,happens
384,0.021073839194098512,happy
385,0.00029405203821500326,hard
386,7.393007766930638e-06,harder
387,0.02157644262761701,hate
388,0.00013628297590650193,hated
389,9.827843609454484e-05,havent
390,0.000373834961220083,he
391,0.00014044754662253953,head
392,7.221981742517091e-05,health
393,5.98136965898217e-05,healthy
394,0.00025341228084848797,hear
395,0.00021118856316608772,heard
396,3.710843764667189e-05,hearing
397,0.0002865337763830907,heart
398,0.0012469869252275075,hell
399,0.0010846468641349857,help
400,4.9365961754496856e-05,helped
401,4.59712514797057e-05,hero
402,0.00016734629495913542,hey
403,4.709462108932983e-05,hi
404,0.0001386975833532588,high
405,0.0015825885513479976,hilarious
406,0.0001745983126634393,history
407,0.00011869225538605944,hit
408,2.381747185734554e-05,hold
409,0.00016003903427771297,holy
410,0.00013344776849336952,home
411,7.579445858990299e-05,honest
412,0.000264571084786391,honestly
413,0.030805621801558148,hope
414,0.002364379625086196,hopefully
415,0.0002587081318005655,hoping
416,0.0022490790459909105,horrible
417,0.00021947626202540788,hot
418,0.000189707146070791,hour
419,0.00013657421707625545,house
420,5.698585148312582e-05,hug
421,8.379392197954082e-05,huge
422,5.6333731060014484e-05,huh
423,0.0001412149001289961,human
424,0.0022429197335006937,hurt
425,0.00012811113496435095,husband
426,6.249289207439878e-05,ice
427,0.0002337716842896801,id
428,0.0002948165107379887,idea
429,0.0034495152816471203,idiot
430,0.00019465677404358362,idk
431,5.877927097017686e-05,ignorant
432,0.0004903131895331637,ill
433,4.8666979017061543e-05,illegal
434,0.005221722139372,im
435,0.00022731565202860693,imagine
436,3.314178358041398e-05,imo
437,5.868671038030914e-05,important
438,6.629268980765048e-05,incredibly
439,0.00023958543095110662,info
440,3.011022009013239e-05,information
441,3.496704326112647e-05,injury
442,0.000117574366000357,insane
443,3.889535311015128e-05,inside
444,0.000177336372311167,instead
445,1.6535565342823798e-05,interest
446,9.294999970280812e-05,interested
447,0.0007077946676155344,interesting
448,0.00019221396622955502,internet
449,0.00024294075312000814,isnt
450,0.00016495714056637267,issue
451,0.00015111821988034218,ive
452,7.173793297896883e-05,jealous
453,0.0003589120129318587,job
454,0.00044535112687918665,joke
455,8.69425313927691e-05,karma
456,0.0004990265214638195,keep
457,5.809225074952643e-05,kept
458,0.0004046920365524552,kid
459,0.0003946827533436084,kill
460,0.00017922115880271192,killed
461,2.732648243270085e-05,killing
462,0.000404976118864444,kind
463,0.00022184922996137753,kinda
464,0.00012109436902843726,knew
465,0.0011595112446514742,know
466,6.856876939858023e-05,knowing
467,1.8437409789020256e-05,known
468,2.2329736886410163e-05,lack
469,3.673400478336364e-05,lady
470,0.00027943820386978517,last
471,3.6377675697197685e-05,late
472,5.9852364082944615e-05,later
473,0.0024334489666055976,laugh
474,0.0006759744932433747,laughed
475,0.00019642533816570252,laughing
476,7.974589523236106e-05,law
477,0.0001851385743513288,le
478,2.990497438426164e-05,lead
479,0.00014792785059013057,league
480,0.00010359577380511092,learn
481,7.178698961607502e-05,learned
482,0.0004466486997983659,least
483,0.00016149383213205838,leave
484,0.00019822989643094053,left
485,2.2782721230229164e-05,leg
486,6.960399478252752e-05,legal
487,0.00048510287884866946,let
488,9.705241062984644e-05,level
489,0.0002619828449757933,lie
490,0.000539387831087746,life
491,4.65219035523807e-05,light
492,0.0021244176079087853,like
493,9.62412336687477e-05,liked
494,2.8139661133655925e-05,likely
495,7.573316575343797e-05,line
496,8.655087367136795e-05,link
497,4.10483207152257e-05,list
498,0.00015050963384897838,listen
499,0.0001666519068814211,literally
500,0.00045676591599340394,little
501,0.0002267034693161133,live
502,9.577457348527531e-05,living
503,0.0018677835567469216,lmao
504,6.762892542398403e-06,local
505,0.06583658598909982,lol
506,0.0003952855633389944,long
507,0.00011258999110083265,longer
508,0.0018644809588855553,look
509,5.42190200412145e-05,looked
510,0.00024358262889248163,looking
511,0.00016745515105337318,lose
512,0.00019917942161304836,losing
513,0.00020793785903357339,loss
514,0.00033542840388134815,lost
515,0.0005227625714686443,lot
516,2.4892277928872582e-05,loud
517,0.08229030100365406,love
518,0.001722562687413955,loved
519,0.0001104513154623602,loving
520,7.964359597975034e-05,low
521,0.008311559869747251,luck
522,2.9752234563889964e-05,lucky
523,0.00018985847155772817,mad
524,0.0007097745678725284,made
525,5.262433241423765e-05,main
526,0.0009732537930195938,make
527,0.00024338381904264025,making
528,0.0008430446565709972,man
529,0.00031278145498852205,many
530,7.851367101242002e-05,married
531,3.1893310734719315e-05,match
532,9.916177919926161e-05,mate
533,0.0001473620104028698,matter
534,0.00011811593358632654,may
535,0.0005146450094975711,maybe
536,0.0005848746936453369,mean
537,9.075005617633993e-05,meant
538,3.202865282840389e-05,medium
539,3.2631662399051124e-05,meet
540,0.00024223444394210278,meme
541,5.1626966119650654e-05,memory
542,0.000201601515195737,men
543,4.910956500957695e-05,mental
544,1.831182465264354e-05,mess
545,5.035873004577197e-05,message
546,4.7190788598573785e-05,met
547,0.00010931254943899792,middle
548,0.0002520879470694096,might
549,6.734348096051939e-05,million
550,0.0002197170734492326,mind
551,0.000158933028074828,mine
552,0.00010383308963769633,minute
553,0.0005818960821079163,miss
554,4.8628480302711065e-05,missed
555,2.6336879802828427e-05,missing
556,7.659327233790581e-05,mistake
557,8.313993904843465e-05,mod
558,0.00015713917047501503,mom
559,0.00017116227268338045,moment
560,0.0001702426760624659,money
561,8.089514968134394e-05,month
562,3.511471880906868e-05,morning
563,4.9184911206413026e-05,mostly
564,0.00010670937325401286,mother
565,9.639019435556589e-06,mouth
566,0.00019313020983941713,move
567,0.00016093264188488788,movie
568,0.001005572855970897,much
569,5.1902675620739536e-05,multiple
570,0.00014614507200822073,music
571,0.00024285050701729959,must
572,0.0003847522593460969,na
573,0.0001446346651233544,nah
574,0.009115987927050314,name
575,5.255453078195528e-05,near
576,0.0005670377225987623,need
577,9.299724174491807e-05,needed
578,0.0008965408807695053,never
579,0.000511229714145856,new
580,0.00016816718274346914,news
581,0.0002468981672650488,next
582,0.002757594323613737,nice
583,0.00021939607096364516,night
584,4.960234516371262e-05,nobody
585,3.321130085854612e-05,none
586,9.273572180699621e-05,nope
587,8.373070172542946e-05,normal
588,6.521893917882294e-05,note
589,0.000491313633209907,nothing
590,2.4494089515154993e-05,notice
591,0.00012238823254800447,noticed
592,7.692986061553817e-05,number
593,7.235472253246805e-05,obvious
594,0.00011214754458833136,obviously
595,2.372732071295759e-05,odd
596,7.313421094436137e-05,office
597,9.570764905583802e-05,often
598,0.0006106130604677855,oh
599,8.038516496455016e-06,oil
600,0.00032639095756850493,ok
601,0.0006577403322116281,okay
602,0.0002960685917837597,old
603,2.7525467670430765e-05,older
604,0.0009545839166812933,omg
605,0.0011054248216367884,one
606,5.5550592683663766e-05,online
607,0.0002492917154740696,op
608,3.572921791736531e-05,open
609,0.00016924825512346407,opinion
610,6.406560601316604e-05,option
611,8.81298861207655e-05,order
612,6.730550995181567e-05,original
613,9.377132822095953e-05,others
614,5.0519404105762316e-05,otherwise
615,7.289910687512185e-05,outside
616,6.731304147159863e-05,page
617,7.999583000222537e-05,paid
618,7.419837902496114e-05,pain
619,0.00041677286120038703,painful
620,0.0001921213701190078,parent
621,0.0002476117126056478,part
622,2.922184880469742e-05,partner
623,0.000128811582884811,party
624,3.408921619147609e-05,pas
625,0.00014628992027058914,past
626,0.00010439626520286589,pay
627,3.6494009554285185e-05,paying
628,0.0027473832155142323,people
629,0.0001364795947937371,perfect
630,1.757949776238979e-05,period
631,0.0005090218198339893,person
632,1.2438804091813578e-05,personal
633,0.0001400387560266668,personally
634,5.727542478662184e-05,phone
635,4.840509597633848e-05,photo
636,9.53589934492322e-05,pic
637,0.00022815643319220008,pick
638,0.00011065526264563318,picture
639,0.00011154761696651646,piece
640,0.00019014844632305621,pissed
641,6.66097575133346e-05,pizza
642,0.0002739062928266529,place
643,4.9345630543581076e-05,plan
644,0.0004748240116504751,play
645,0.00015355164840820723,played
646,0.00027470525760372745,player
647,0.00020562377806441058,playing
648,5.2576567939216394e-05,playoff
649,0.00021015125113935625,please
650,0.00010938576777947,plenty
651,2.6674245690609736e-05,plus
652,0.00038113482956875233,point
653,1.7347572096603304e-05,police
654,9.127509183489708e-06,political
655,5.440043926052882e-05,politics
656,0.0006625827829053327,poor
657,3.485728153670584e-05,position
658,3.3969963255037935e-05,positive
659,0.00014119209732863926,possible
660,0.000534576280508826,post
661,0.00010066427232905787,posted
662,2.5075381298667268e-05,posting
663,5.039620354421114e-05,power
664,8.217790504431603e-05,prefer
665,8.74866766367518e-05,president
666,0.0011072220455469034,pretty
667,2.4208763788919978e-05,price
668,0.00048816890122760966,probably
669,0.0002459992710154682,problem
670,7.444427596050058e-05,proud
671,9.744708691393702e-05,public
672,9.784851868486908e-05,pull
673,0.00024578546711208414,put
674,3.704320505967196e-05,putting
675,3.806624578959429e-05,quality
676,1.7783400890404683e-05,queen
677,0.0003136320975055515,question
678,5.3073691669418265e-05,quick
679,4.688240383348329e-05,quickly
680,2.3727302028341293e-05,quit
681,0.0001277733289933518,quite
682,0.00019009106064575172,racist
683,5.0744254029910796e-05,random
684,7.280397935162074e-05,rape
685,9.282851657729858e-05,rather
686,4.703368617798315e-05,reaction
687,0.0003118477581194234,read
688,9.305707747712977e-05,reading
689,5.085680402419189e-05,ready
690,0.0006096455978813442,real
691,1.2143093419418535e-05,reality
692,0.00026528707739837965,realize
693,0.0004326020966388614,realized
694,0.0014438776146281653,really
695,0.00019108326152061017,reason
696,4.595780844434597e-05,record
697,0.00010521995844838226,red
698,0.0002818360619281304,reddit
699,7.682797268730498e-05,reference
700,0.00043736039890145866,regret
701,2.7325235921308182e-05,related
702,0.00021757749917793653,relationship
703,0.00011192869593878166,religion
704,0.00019968491967418912,remember
705,6.392075644157339e-05,reminds
706,9.216466004285722e-05,removed
707,0.0001775966615434028,reply
708,4.764627565641909e-05,report
709,0.00014488925811533793,respect
710,0.00014668207811592102,response
711,0.00018104194089232337,rest
712,7.89015012356587e-05,result
713,6.806680513616384e-05,rich
714,0.0007168741155837208,ridiculous
715,0.000868653452094746,right
716,3.2087823843069684e-05,road
717,1.7110640776483656e-05,room
718,2.6240536193519302e-05,round
719,4.2188084382125815e-05,rule
720,0.00011165801566498742,run
721,1.4723837656688261e-05,running
722,0.023850339090583497,sad
723,0.0033848963922172505,sadly
724,0.00011877558277850476,safe
725,0.0004128089038614756,said
726,8.209818578638577e-06,save
727,5.2171793521359704e-05,saved
728,0.00014171128766539458,saw
729,0.0005483638819079285,say
730,0.00033375768775279873,saying
731,0.0026220158940158194,scared
732,0.0018471654688681466,scary
733,6.214905209421972e-05,scene
734,0.00020338625483210017,school
735,2.8651150776332074e-05,science
736,0.0001969772319715514,season
737,0.00020393179695622302,second
738,0.001118943883716831,see
739,0.0003343360647843713,seeing
740,0.00010123771815391197,seem
741,0.00019592357959597582,seems
742,0.000219045833275226,seen
743,8.361974088060564e-05,self
744,3.9410495823822846e-05,sell
745,6.912437192307317e-05,send
746,0.00021138800571853707,sense
747,3.237320141930892e-05,sent
748,1.4184433502390663e-06,sentence
749,3.28617709019643e-05,series
750,0.00010118419597752826,serious
751,0.00037248103927728,seriously
752,0.00011577279103827273,service
753,8.166319646867342e-05,set
754,0.0001827227116029467,sex
755,4.2486081311898295e-05,sexual
756,8.115171611976212e-05,shame
757,8.354392112400484e-05,share
758,0.00048066741314392017,sharing
759,0.00016009770923212035,shes
760,0.008440742706287108,shit
761,5.951818047111754e-05,shoot
762,8.872378545719474e-05,short
763,0.00012559964947434106,shot
764,0.0004305405790620406,show
765,0.000450769420937767,shut
766,0.00010400156541682638,sick
767,9.645046174828094e-05,side
768,9.91653196747456e-05,sign
769,7.07547316542883e-05,similar
770,6.727259264654439e-05,simple
771,9.712322496854227e-05,simply
772,0.00020036590689851617,since
773,3.035270785455715e-05,single
774,7.794949857606467e-05,sister
775,8.696859979202076e-05,sitting
776,0.00028614197989020523,situation
777,9.275771859522489e-05,skin
778,2.5225272723367794e-05,sleep
779,5.413032202909851e-05,small
780,6.450643495094617e-05,smart
781,9.149598312341046e-05,smell
782,5.7306649221434625e-05,smh
783,6.203655457019146e-05,smile
784,2.861899325002307e-05,social
785,5.1882221055582126e-05,society
786,5.725333862474307e-05,somebody
787,0.00011174735757884122,somehow
788,0.0006355459879470197,someone
789,0.0005174306767067218,something
790,0.00025240724039287136,sometimes
791,5.375615115510022e-05,somewhere
792,0.00010981377572644135,son
793,0.00013584177190100458,song
794,0.0002535319627201038,soon
795,0.036579930961071906,sorry
796,7.764431485753995e-05,sort
797,0.0005887233435963952,sound
798,9.456522272021316e-05,source
799,1.589111296778854e-05,south
800,4.1259791957448316e-05,space
801,2.6423312548544416e-05,speak
802,5.2045077319883075e-05,special
803,1.8362901089140913e-05,specific
804,3.380513736841657e-05,spend
805,5.126992832964198e-05,sport
806,9.405176491493945e-05,spot
807,8.209386156142947e-05,stand
808,4.012157697081666e-05,standard
809,0.00010377671664488592,star
810,0.00022128317363844606,start
811,2.6575704512524964e-05,started
812,3.221911924968252e-05,starting
813,0.00011022507894227638,state
814,2.145736339413587e-05,statement
815,0.0001943733488624057,stay
816,8.837739874132039e-06,steal
817,8.760629526455863e-05,step
818,7.857365688737283e-05,stick
819,0.0010327098390507702,still
820,0.0011550867511995776,stop
821,9.556944695040835e-06,stopped
822,4.5778360424188265e-05,store
823,0.0002635856899086839,story
824,6.856582882154768e-05,straight
825,3.4437877881607173e-05,strange
826,9.287643524569637e-05,stranger
827,0.00011947619282788087,strong
828,5.768568533681612e-05,stuck
829,6.279374001372454e-05,student
830,0.0004036101942412476,stuff
831,0.007990242254175033,stupid
832,0.0003008340825159749,sub
833,7.143639059659414e-05,subreddit
834,0.004842463592945634,suck
835,4.069315084294758e-05,summer
836,0.00021907236748028484,super
837,0.00014430293843731022,support
838,3.2174203699250285e-05,supposed
839,0.0006731925718103348,sure
840,0.00010563446869972859,surprise
841,0.003775072185271244,surprised
842,0.00018626865651884416,sweet
843,5.735264215273968e-05,system
844,9.639850206366334e-05,ta
845,0.0003955370299042202,take
846,2.905671798718025e-05,taken
847,0.000173740817770297,taking
848,0.00023990896659521204,talk
849,0.0003542202947652555,talking
850,9.927513429191079e-05,taste
851,2.502601713346132e-05,tax
852,4.192896382732396e-05,tbh
853,4.2687731575200795e-05,teacher
854,0.0002762643742438281,team
855,5.170951336239451e-05,tear
856,0.0004338156937677223,tell
857,8.918246814852018e-05,telling
858,8.356548978093633e-05,term
859,0.004432571018204113,terrible
860,3.358706137464452e-05,text
861,0.09717292415968151,thank
862,0.0909032232078166,thanks
863,0.0006215826466570994,thats
864,0.00013201855734871812,there
865,0.00018178776883588147,theyre
866,0.0008405902185855299,thing
867,0.0010372299403241898,think
868,0.00013880875635577893,thinking
869,1.457805187145165e-05,third
870,0.0001927693149793966,tho
871,0.0007184793537328539,though
872,0.0005253462324411176,thought
873,8.440284178223683e-05,thread
874,0.0001254128240546606,three
875,3.74610317512457e-05,throw
876,0.0009179601429733673,time
877,7.804961161964883e-05,tip
878,2.8748393094955163e-05,tired
879,0.0001155564741117658,title
880,0.0002427269711857767,today
881,8.214881137519331e-05,together
882,0.00015762591864484384,told
883,2.9341148050137538e-05,tomorrow
884,0.00010630079650607741,tonight
885,0.00010381136446349264,took
886,0.00013930815649969928,top
887,0.0002641927994969539,totally
888,7.04964701942392e-05,tough
889,2.7333133674261687e-05,town
890,4.774383630690858e-05,toxic
891,9.890353555467603e-05,trade
892,8.572606375261167e-05,trash
893,5.3003739741408896e-05,treat
894,9.579397305695357e-05,tried
895,9.669411779160834e-05,trip
896,0.00015432123850955018,troll
897,3.7694112554808635e-05,trouble
898,0.00023968757485353357,true
899,9.042296741298972e-05,truly
900,0.00018391592938268376,trust
901,4.564817912433835e-05,truth
902,0.0005414198027887588,try
903,0.00038250232270750146,trying
904,0.00012092442734455499,turn
905,3.957764593830952e-05,turned
906,3.3873225332929154e-05,tv
907,6.795271894580175e-05,twice
908,4.1314869594552695e-05,twitter
909,0.0001677957136264916,two
910,7.617312737065315e-05,type
911,0.00024238974331120138,ugh
912,0.0002661943131570901,ugly
913,1.8143989510129825e-05,uh
914,0.001983616890241971,understand
915,0.0001758718474108592,unfortunately
916,0.00013504443929216356,unless
917,0.00024918776716853144,upset
918,0.0001786025502022359,upvote
919,0.00040607009676361044,use
920,0.0002556663947257449,used
921,0.0002043906131227573,username
922,0.00010551206097232794,using
923,6.058078481544206e-05,usually
924,5.746618617935213e-05,value
925,3.678506558844135e-05,version
926,0.00020639961053076924,video
927,5.683458449374296e-05,view
928,2.3644981123399574e-05,voice
929,2.3588930242885677e-05,vote
930,0.0004018349630336399,wait
931,5.061456656268598e-05,waiting
932,7.17408261864801e-05,walk
933,1.4774498205365146e-05,wall
934,0.00011782578938919205,wan
935,0.0006805935358587256,want
936,6.81594362714809e-05,wanted
937,0.00010833009391070078,war
938,0.0001447261100029211,wasnt
939,3.5797473812054475e-05,waste
940,0.000303804054478034,watch
941,9.708211439377951e-05,watched
942,0.00018448117106272135,watching
943,8.429585840883115e-05,water
944,0.0005118970779859732,way
945,3.5936625405550335e-05,wear
946,0.00023268977019679795,week
947,5.8646106896617996e-05,weekend
948,0.0022606687341823616,weird
949,0.0018122000134783544,welcome
950,0.0006855838311264678,well
951,0.0002976231671406167,went
952,0.0001118687950695814,whatever
953,5.196001833122992e-05,whats
954,8.772926747398826e-05,white
955,0.00012332520423081548,whole
956,9.995224770444118e-05,wife
957,0.0001317596092089686,win
958,0.012256793744554427,wish
959,8.431511521655501e-05,within
960,0.0002569115413313492,without
961,0.00021497770353360218,wo
962,0.00048263866339344486,woman
963,0.0011360268014563946,wonder
964,0.00026271547649718845,wonderful
965,0.0003676157656901833,wondering
966,0.00026676733552447653,wont
967,0.0002989513293601722,word
968,0.00046100208565357875,work
969,0.00010384707868760934,worked
970,6.206468270392488e-05,working
971,0.0004809620850546548,world
972,0.0003587146794541596,worried
973,0.001042632107030544,worry
974,0.008244173292841406,worse
975,0.011169468192515665,worst
976,0.0001741361947473888,worth
977,0.0015206623253706168,would
978,0.00017062756640031472,wouldnt
979,0.005839147931562942,wow
980,7.711313448234856e-06,write
981,0.0021442954008047176,wrong
982,0.00010931180656376923,xd
983,0.00010841697778737628,ya
984,0.00011819698460434694,yea
985,0.0007455298910975761,yeah
986,0.00044230136558592387,year
987,5.093068005774954e-05,yep
988,0.0009251978778848592,yes
989,3.295672992206498e-05,yesterday
990,0.00031459545023968547,yet
991,0.00011106501233572685,yikes
992,4.1136434518770486e-05,yo
993,2.5706159261073297e-05,youll
994,7.95714703798604e-05,young
995,0.000696428149153007,youre
996,2.637561127825467e-05,youtube
997,6.10586384163988e-05,youve
998,3.749171313920456e-05,yup
999,8.156294936045017e-05,zero
